<?xml version="1.0" encoding="UTF-8"?>
<jcr:root xmlns:sling="http://sling.apache.org/jcr/sling/1.0" xmlns:cq="http://www.day.com/jcr/cq/1.0" xmlns:jcr="http://www.jcp.org/jcr/1.0" xmlns:nt="http://www.jcp.org/jcr/nt/1.0"
    jcr:primaryType="nt:unstructured"
    jcr:title="Dynamic Dialog"
    sling:resourceType="cq/gui/components/authoring/dialog">
    <content
        jcr:primaryType="nt:unstructured"
        sling:resourceType="granite/ui/components/foundation/container">
        <layout
            jcr:primaryType="nt:unstructured"
            sling:resourceType="granite/ui/components/foundation/layouts/tabs"
            type="nav"/>
        <items jcr:primaryType="nt:unstructured">
            <content
                jcr:primaryType="nt:unstructured"
                jcr:title="Content"
                sling:resourceType="granite/ui/components/foundation/section">
                <layout
                    jcr:primaryType="nt:unstructured"
                    sling:resourceType="granite/ui/components/foundation/layouts/fixedcolumns"/>
                <items jcr:primaryType="nt:unstructured">
                    <column
                        jcr:primaryType="nt:unstructured"
                        sling:resourceType="granite/ui/components/foundation/container">
                        <items jcr:primaryType="nt:unstructured">
                            <static
                                jcr:primaryType="nt:unstructured"
                                sling:resourceType="granite/ui/components/foundation/form/select"
                                fieldDescription="These items are statically loaded in the dialog."
                                fieldLabel="Static Select"
                                name="./static">
                                <items jcr:primaryType="nt:unstructured">
                                    <gov
                                        jcr:primaryType="nt:unstructured"
                                        text="Gov"
                                        value="gov"/>
                                    <media
                                        jcr:primaryType="nt:unstructured"
                                        text="Media"
                                        value="media"/>
                                    <outdoors
                                        jcr:primaryType="nt:unstructured"
                                        text="Outdoors"
                                        value="outdoors"/>
                                    <mobile
                                        jcr:primaryType="nt:unstructured"
                                        text="Mobile"
                                        value="mobile"/>
                                </items>
                            </static>
                            <dynamic
                                jcr:primaryType="nt:unstructured"
                                sling:resourceType="granite/ui/components/foundation/form/select"
                                fieldDescription="These items are dynamically loaded using the datasource component."
                                fieldLabel="Dynamic Select"
                                name="./dynamic">
                                <datasource
                                    jcr:primaryType="nt:unstructured"
                                    sling:resourceType="aem-touch-dynamic-select/components/datasource"
                                    path="/apps/aem-touch-dynamic-select/components/dynamic-dialog/cq:dialog/content/items/content/items/column/items/static/items"
                                    text="text"
                                    value="value"/>
                            </dynamic>
                        </items>
                    </column>
                </items>
            </content>
        </items>
    </content>
</jcr:root>
